kind	uuid	detail
invented-suffix	0a1b2c3d-4e5f-4a6b-8c9d-0e1f2a3b4c5d	UseCase uuid matches fabricated pattern (HARD RULE: uuidgen-fresh or verbatim copy only)
invented-suffix	0e1f2a3b-4c5d-4e6f-7a8b-9c0d1e2f3a4b	UseCase uuid matches fabricated pattern (HARD RULE: uuidgen-fresh or verbatim copy only)
invented-suffix	101a0b1c-2d3e-4f50-8617-a01010101101	Task uuid matches fabricated pattern (HARD RULE: uuidgen-fresh or verbatim copy only)
invented-suffix	101b2c3d-4e5f-4061-8273-b01010101102	Test uuid matches fabricated pattern (HARD RULE: uuidgen-fresh or verbatim copy only)
invented-suffix	102b1c2d-3e4f-4051-9728-b02020202102	Task uuid matches fabricated pattern (HARD RULE: uuidgen-fresh or verbatim copy only)
invented-suffix	102c3d4e-5f60-4071-8293-c02020202103	Test uuid matches fabricated pattern (HARD RULE: uuidgen-fresh or verbatim copy only)
invented-suffix	105f5061-7283-4495-8a6c-f05050505106	Test uuid matches fabricated pattern (HARD RULE: uuidgen-fresh or verbatim copy only)
invented-suffix	106a6172-8394-44a6-9b7d-061616161607	Test uuid matches fabricated pattern (HARD RULE: uuidgen-fresh or verbatim copy only)
invented-suffix	106f5061-7283-4495-896c-f06060606106	Task uuid matches fabricated pattern (HARD RULE: uuidgen-fresh or verbatim copy only)
invented-suffix	107a6172-8394-45a6-897d-a07070707107	Task uuid matches fabricated pattern (HARD RULE: uuidgen-fresh or verbatim copy only)
invented-suffix	107b7283-94a5-46b7-8a8e-b07070707108	Test uuid matches fabricated pattern (HARD RULE: uuidgen-fresh or verbatim copy only)
invented-suffix	108b7283-94a5-46b7-898e-b08080808108	Task uuid matches fabricated pattern (HARD RULE: uuidgen-fresh or verbatim copy only)
invented-suffix	108c8394-a5b6-47c8-89af-c08080808109	Test uuid matches fabricated pattern (HARD RULE: uuidgen-fresh or verbatim copy only)
invented-suffix	109a0b1c-2d3e-4f50-8617-a09010901109	Task uuid matches fabricated pattern (HARD RULE: uuidgen-fresh or verbatim copy only)
invented-suffix	10a1b2c3-d4e5-4f60-8a71-9b0c1d2e3f40	Requirement uuid matches fabricated pattern (HARD RULE: uuidgen-fresh or verbatim copy only)
invented-suffix	14a1b2c3-d4e5-4f60-8a71-9b0c1d2e3f01	Requirement uuid matches fabricated pattern (HARD RULE: uuidgen-fresh or verbatim copy only)
invented-suffix	14c3d4e5-f6a7-4b81-9c92-0d1e2f3a4b14	Test uuid matches fabricated pattern (HARD RULE: uuidgen-fresh or verbatim copy only)
invented-suffix	15a1b2c3-d4e5-4f60-8a71-9b0c1d2e3f01	Requirement uuid matches fabricated pattern (HARD RULE: uuidgen-fresh or verbatim copy only)
invented-suffix	1b2c3d4e-5f6a-4b7c-8d9e-0f1a2b3c4d5e	Method uuid matches fabricated pattern (HARD RULE: uuidgen-fresh or verbatim copy only)
invented-suffix	1f2a3b4c-5d6e-4f7a-8b9c-0d1e2f3a4b5c	Method uuid matches fabricated pattern (HARD RULE: uuidgen-fresh or verbatim copy only)
invented-suffix	20b2c3d4-e5f6-4a71-9b82-0c1d2e3f4a51	Requirement uuid matches fabricated pattern (HARD RULE: uuidgen-fresh or verbatim copy only)
invented-suffix	24b2c3d4-e5f6-4a71-9b82-0c1d2e3f4a02	Requirement uuid matches fabricated pattern (HARD RULE: uuidgen-fresh or verbatim copy only)
invented-suffix	25b2c3d4-e5f6-4a71-9b82-0c1d2e3f4a02	Requirement uuid matches fabricated pattern (HARD RULE: uuidgen-fresh or verbatim copy only)
invented-suffix	2a3b4c5d-6e7f-4a8b-9c0d-1e2f3a4b5c6d	UseCase uuid matches fabricated pattern (HARD RULE: uuidgen-fresh or verbatim copy only)
invented-suffix	2c3d4e5f-6a7b-4c8d-9e0f-1a2b3c4d5e6f	UseCase uuid matches fabricated pattern (HARD RULE: uuidgen-fresh or verbatim copy only)
invented-suffix	35c3d4e5-f6a7-4b82-9c93-1d2e3f4a5b03	Requirement uuid matches fabricated pattern (HARD RULE: uuidgen-fresh or verbatim copy only)
invented-suffix	3676b612-81fb-4b93-a2b3-b660831958cc	Requirement uuid matches fabricated pattern (HARD RULE: uuidgen-fresh or verbatim copy only)
invented-suffix	3b4c5d6e-7f8a-4b9c-0d1e-2f3a4b5c6d7e	Method uuid matches fabricated pattern (HARD RULE: uuidgen-fresh or verbatim copy only)
invented-suffix	3d4e5f6a-7b8c-4d9e-0f1a-2b3c4d5e6f7a	Method uuid matches fabricated pattern (HARD RULE: uuidgen-fresh or verbatim copy only)
invented-suffix	4c5d6e7f-8a9b-4c0d-1e2f-3a4b5c6d7e8f	UseCase uuid matches fabricated pattern (HARD RULE: uuidgen-fresh or verbatim copy only)
invented-suffix	4e5f6a7b-8c9d-4e0f-1a2b-3c4d5e6f7a8b	UseCase uuid matches fabricated pattern (HARD RULE: uuidgen-fresh or verbatim copy only)
invented-suffix	55e5f6a7-b8c9-4d04-8ab5-3f4a5b6c7d05	Requirement uuid matches fabricated pattern (HARD RULE: uuidgen-fresh or verbatim copy only)
invented-suffix	5d6e7f8a-9b0c-4d1e-2f3a-4b5c6d7e8f9a	Method uuid matches fabricated pattern (HARD RULE: uuidgen-fresh or verbatim copy only)
invented-suffix	5f499ce4-c3d4-422a-8af5-209efa957f14	Implementation uuid matches fabricated pattern (HARD RULE: uuidgen-fresh or verbatim copy only)
invented-suffix	5f6a7b8c-9d0e-4f1a-2b3c-4d5e6f7a8b9c	Method uuid matches fabricated pattern (HARD RULE: uuidgen-fresh or verbatim copy only)
invented-suffix	65f6a7b8-c9d0-4e15-9bc6-4a5b6c7d8e06	Requirement uuid matches fabricated pattern (HARD RULE: uuidgen-fresh or verbatim copy only)
invented-suffix	6a7b8c9d-0e1f-4a2b-3c4d-5e6f7a8b9c0d	UseCase uuid matches fabricated pattern (HARD RULE: uuidgen-fresh or verbatim copy only)
invented-suffix	6e7f8a9b-0c1d-4e2f-3a4b-5c6d7e8f9a0b	UseCase uuid matches fabricated pattern (HARD RULE: uuidgen-fresh or verbatim copy only)
invented-suffix	7b8c9d0e-1f2a-4b3c-4d5e-6f7a8b9c0d1e	Method uuid matches fabricated pattern (HARD RULE: uuidgen-fresh or verbatim copy only)
invented-suffix	7d8e9f00-1a2b-4c3d-8e5f-6a7b8c9d0e1f	UseCase uuid matches fabricated pattern (HARD RULE: uuidgen-fresh or verbatim copy only)
invented-suffix	7e4f8a2b-c3d5-4e6f-9a1b-2c3d4e5f6a25	Requirement uuid matches fabricated pattern (HARD RULE: uuidgen-fresh or verbatim copy only)
invented-suffix	7f8a9b0c-1d2e-4f3a-4b5c-6d7e8f9a0b1c	Method uuid matches fabricated pattern (HARD RULE: uuidgen-fresh or verbatim copy only)
invented-suffix	8e9f0a1b-2c3d-4e5f-6a7b-8c9d0e1f2a3b	Method uuid matches fabricated pattern (HARD RULE: uuidgen-fresh or verbatim copy only)
invented-suffix	8f3a2b4c-d5e6-4f70-a1b2-c3d4e5f60140	Task uuid matches fabricated pattern (HARD RULE: uuidgen-fresh or verbatim copy only)
invented-suffix	a0b1c2d3-e4f5-4061-8273-849500000100	Task uuid matches fabricated pattern (HARD RULE: uuidgen-fresh or verbatim copy only)
invented-suffix	a1e2f3d4-b5c6-4d7e-8f90-1a2b3c4d5e26	Requirement uuid matches fabricated pattern (HARD RULE: uuidgen-fresh or verbatim copy only)
invented-suffix	a30b41c5-d6e7-4f89-0a1b-2c3d4e5f6730	Requirement uuid matches fabricated pattern (HARD RULE: uuidgen-fresh or verbatim copy only)
invented-suffix	a31b7c82-f4e5-4d6a-9b8c-0e1f2a3b4c5d	Test uuid matches fabricated pattern (HARD RULE: uuidgen-fresh or verbatim copy only)
invented-suffix	a3f181b4-c5d6-4e7f-8a90-1b2c3d4e5f81	Implementation uuid matches fabricated pattern (HARD RULE: uuidgen-fresh or verbatim copy only)
invented-suffix	a5cb6dc7-d8e9-4f01-2a3b-4c5d6e780042	Requirement uuid matches fabricated pattern (HARD RULE: uuidgen-fresh or verbatim copy only)
invented-suffix	a7e34f12-8b5c-4d9e-a1f2-3c4d5e6f7a89	Test uuid matches fabricated pattern (HARD RULE: uuidgen-fresh or verbatim copy only)
invented-suffix	a96b07c1-d2e3-4f45-6a7b-8c9d0e120036	Requirement uuid matches fabricated pattern (HARD RULE: uuidgen-fresh or verbatim copy only)
invented-suffix	b41c52d6-e7f8-4a90-1b2c-3d4e5f677031	Requirement uuid matches fabricated pattern (HARD RULE: uuidgen-fresh or verbatim copy only)
invented-suffix	b42c8d93-e5f6-4a7b-8c9d-1f2a3b4c5d6e	Test uuid matches fabricated pattern (HARD RULE: uuidgen-fresh or verbatim copy only)
invented-suffix	b4f180c5-d6e7-4f8a-9b01-2c3d4e5f6a80	Implementation uuid matches fabricated pattern (HARD RULE: uuidgen-fresh or verbatim copy only)
invented-suffix	b6dc7ed8-e9f0-4a12-3b4c-5d6e7f890043	Requirement uuid matches fabricated pattern (HARD RULE: uuidgen-fresh or verbatim copy only)
invented-suffix	c2d3e4f5-a6b7-4c8d-9e0f-1a2b3c4d5e6f	Implementation uuid matches fabricated pattern (HARD RULE: uuidgen-fresh or verbatim copy only)
invented-suffix	c52d63e7-f8a9-4b01-2c3d-4e5f6f780032	Requirement uuid matches fabricated pattern (HARD RULE: uuidgen-fresh or verbatim copy only)
invented-suffix	c7ed8fe9-f0a1-4b23-4c5d-6e7f8a900044	Requirement uuid matches fabricated pattern (HARD RULE: uuidgen-fresh or verbatim copy only)
invented-suffix	c9f56d34-7a8b-4e1f-b2c3-4d5e6f7a8b90	Test uuid matches fabricated pattern (HARD RULE: uuidgen-fresh or verbatim copy only)
invented-suffix	d8fe90a1-a1b2-4c34-5d6e-7f8a9b010045	Requirement uuid matches fabricated pattern (HARD RULE: uuidgen-fresh or verbatim copy only)
invented-suffix	e9a0f1b2-b2c3-4d45-6e7f-8a9b0c120046	Requirement uuid matches fabricated pattern (HARD RULE: uuidgen-fresh or verbatim copy only)
invented-suffix	f1a2b3c4-d5e6-4f7a-8b9c-0d1e2f3a4b5c	Implementation uuid matches fabricated pattern (HARD RULE: uuidgen-fresh or verbatim copy only)
invented-suffix	f4ba5cb6-c7d8-4e90-1f2a-3b4c5d670041	Requirement uuid matches fabricated pattern (HARD RULE: uuidgen-fresh or verbatim copy only)
invented-suffix	f85a96b0-c1d2-4e34-5f6a-7b8c9d010035	Requirement uuid matches fabricated pattern (HARD RULE: uuidgen-fresh or verbatim copy only)
